;M01_2_N;M02_2_N;M03_2_N;M04_2_N;M05_2_N;M06_2_N;M07_2_N;M08_2_N;M09_2_N;M10_2_N;M11_2_N;M12_2_N;status
0;5.1;5.1;5.1;5.1;5.1;5.1;5.1;5.1;5.1;5.1;5.1;5.1;1
1;1.7;5.1;5.1;3.3;1.7;5.1;5.1;5.1;5.1;5.1;5.1;5.1;1
2;5.1;5.1;5.1;5.1;1.7;5.1;5.1;5.1;5.1;5.1;5.1;5.1;1
3;5.1;5.1;1.7;5.1;5.1;5.1;5.1;5.1;5.1;5.1;5.1;5.1;1
4;2.3;1.7;5.1;1.0;5.1;5.1;5.1;5.1;5.1;5.1;1.0;5.1;1
5;1.7;3.0;1.3;1.0;1.7;1.7;1.3;5.1;5.1;5.1;1.0;5.1;0
6;2.3;3.3;1.3;3.3;2.0;3.3;5.1;5.1;3.3;5.1;5.1;5.1;0
7;2.7;5.1;1.7;2.0;5.1;3.3;5.1;5.1;1.7;5.0;5.1;5.1;1
8;1.7;3.3;1.7;3.0;2.0;3.7;5.1;5.1;2.3;5.1;4.0;5.1;0
9;3.3;5.1;5.1;1.0;2.3;5.1;5.1;5.1;1.3;5.1;2.3;5.1;1
10;5.1;5.1;5.1;5.1;2.3;5.1;5.1;5.1;5.1;5.1;5.1;5.1;1
11;5.1;5.1;5.1;5.1;5.1;5.1;5.1;5.1;5.1;5.1;5.1;5.1;1
12;5.1;5.1;5.1;5.1;5.1;5.1;5.1;5.1;5.1;5.1;5.1;5.1;1
13;4.0;5.1;2.7;3.0;1.3;5.1;5.1;1.3;2.3;5.1;3.7;5.1;0
14;3.0;3.3;2.7;3.0;1.3;2.0;3.3;1.3;2.3;3.3;5.0;5.1;0
15;5.0;5.0;5.0;5.0;5.0;5.0;5.1;1.7;3.7;5.1;5.1;5.1;1
16;5.1;5.1;5.1;5.1;2.0;5.1;5.1;5.1;5.1;5.1;5.1;5.1;1
17;4.0;3.0;2.0;2.3;5.1;2.0;5.1;5.1;5.1;5.1;2.7;5.1;0
18;2.3;1.7;5.1;1.0;1.3;1.7;1.3;1.3;1.7;5.1;1.7;5.1;0
19;5.1;5.0;5.1;5.0;5.1;5.1;5.1;5.1;5.1;5.1;5.1;5.1;1
20;5.1;5.1;5.1;5.1;5.1;5.1;5.1;5.1;5.1;5.1;5.1;5.1;1
21;5.1;5.1;5.1;5.1;5.1;5.1;5.1;5.1;5.1;5.1;5.1;5.1;1
22;4.0;5.1;2.7;5.1;5.1;5.0;5.1;5.1;3.3;5.1;5.1;5.1;1
23;2.3;4.0;1.0;2.0;5.1;5.1;2.7;5.1;2.3;5.1;3.7;5.1;0
24;5.1;5.1;5.1;5.1;5.1;5.1;5.1;5.1;5.1;5.1;5.1;5.1;1
25;5.1;5.1;5.1;5.1;5.1;5.1;5.1;5.1;5.1;5.1;5.1;5.1;1
26;3.0;5.0;5.1;4.0;5.0;5.0;5.1;5.1;5.1;5.0;1.7;5.1;1
27;2.0;2.0;1.3;4.0;1.7;1.7;5.1;5.1;5.1;5.1;5.1;5.1;1
28;1.3;1.7;5.1;5.1;1.7;1.0;5.1;5.1;1.3;5.1;5.1;5.1;0
29;5.1;5.1;5.1;5.1;5.1;5.0;5.1;5.1;5.1;5.1;5.1;5.1;1
30;2.7;2.3;5.1;5.1;5.1;3.0;5.1;5.1;5.1;5.1;5.1;5.1;0
31;1.3;1.0;5.1;1.3;1.3;5.1;1.0;1.3;5.1;2.3;1.0;5.1;0
32;2.0;2.7;2.7;5.1;2.3;5.1;5.1;1.0;5.1;5.1;5.1;5.1;0
33;5.1;5.1;2.7;5.1;5.1;5.1;5.1;1.3;2.7;5.1;5.1;5.1;1
34;5.1;5.1;5.1;5.1;5.1;5.1;5.1;5.1;5.1;5.1;5.1;5.1;1
35;5.1;1.7;1.3;1.3;1.7;5.1;2.3;1.7;5.1;5.1;4.0;5.1;0
36;5.1;5.1;5.1;5.1;5.1;5.1;5.1;5.1;5.1;5.1;5.1;5.1;1
37;5.1;5.1;5.1;5.1;5.1;5.1;5.1;5.1;5.1;5.1;5.1;5.1;1
38;5.1;5.1;5.1;5.1;5.1;5.1;5.1;5.1;5.1;5.1;5.1;5.1;1
39;5.1;1.7;1.3;5.1;5.1;2.0;5.1;5.1;5.1;5.1;1.0;5.1;1
40;5.1;5.1;1.7;5.1;1.0;5.1;5.1;1.3;1.3;5.1;5.1;5.1;1
41;5.0;5.0;2.0;5.1;5.1;5.1;5.1;5.1;5.1;5.1;5.1;5.1;1
42;5.1;5.1;5.1;5.1;5.1;5.1;5.1;5.1;5.1;5.1;5.1;5.1;1
43;5.1;5.1;5.1;5.1;5.1;5.1;5.1;5.1;5.1;5.1;5.1;5.1;1
44;2.3;4.0;1.7;1.0;2.0;2.7;5.1;1.7;2.3;5.0;1.3;5.1;1
45;5.1;5.1;5.1;5.1;5.1;5.1;5.1;5.1;5.1;5.1;5.1;5.1;1
46;5.1;3.7;5.1;5.1;5.1;5.1;5.1;5.1;5.1;5.1;5.1;5.1;1
47;3.0;2.0;5.1;5.1;5.1;5.1;5.1;5.1;1.3;5.1;5.1;5.1;0
48;5.1;1.0;1.0;5.1;5.1;5.1;5.1;5.1;1.7;5.1;2.7;5.1;0
49;5.1;5.1;5.1;5.1;5.1;5.1;5.1;5.1;5.1;5.1;5.1;5.1;1
50;5.0;5.1;2.0;5.1;2.3;5.0;5.1;2.0;3.7;5.0;5.0;5.1;1
51;5.1;5.1;5.1;5.1;5.1;5.1;5.1;5.1;5.1;5.1;5.1;5.1;1
52;4.0;1.3;5.1;5.1;1.3;5.1;5.1;1.3;5.1;5.1;5.1;5.1;1
53;3.3;5.0;3.0;3.7;5.1;3.7;5.1;5.1;5.1;5.1;5.1;5.1;1
54;5.1;5.1;5.1;5.1;5.1;5.1;5.1;5.1;5.1;5.1;5.1;5.1;1
55;5.1;5.1;2.7;5.1;5.1;5.1;5.1;5.1;5.1;5.1;5.1;5.1;1
56;2.3;3.0;1.0;1.0;1.7;1.0;2.0;2.0;1.7;3.0;1.0;5.1;0
57;5.1;5.1;5.1;5.1;5.1;5.1;5.1;5.1;5.1;5.1;5.1;5.1;1
58;1.3;2.0;1.0;5.1;5.1;1.7;5.1;5.1;5.1;5.1;5.1;5.1;1
59;3.7;2.0;2.3;3.0;2.0;3.3;2.7;1.7;2.7;2.3;4.0;5.1;0
60;5.1;5.1;5.1;5.1;1.7;5.1;5.1;5.1;5.1;5.1;5.1;5.1;1
61;5.1;4.0;3.0;3.0;2.7;2.0;5.1;5.1;5.1;5.1;5.0;5.1;0
62;1.0;2.0;1.0;1.0;1.3;1.3;5.1;5.1;1.0;1.3;3.0;5.1;0
63;5.1;5.1;5.1;5.1;5.1;5.1;5.1;5.1;5.1;5.1;5.1;5.1;1
64;2.3;1.0;1.7;2.0;1.7;1.3;1.0;1.3;1.7;2.3;4.0;5.1;0
65;2.7;3.0;2.7;4.0;2.7;4.0;2.3;2.0;2.7;5.0;5.0;5.1;1
66;4.0;1.7;3.0;5.0;2.0;1.7;1.7;2.0;2.3;5.1;5.1;5.1;1
67;2.7;1.7;1.0;1.0;5.1;5.1;5.1;5.1;5.1;5.1;1.0;5.1;1
68;4.0;2.3;2.3;2.0;1.3;3.0;5.1;5.1;5.1;5.1;5.1;5.1;0
69;5.1;5.1;5.1;5.1;5.1;5.1;5.1;5.1;5.1;5.1;5.1;5.1;1
70;3.0;2.3;5.1;5.1;5.1;2.7;5.1;5.1;5.1;5.1;5.1;5.1;1
71;3.3;2.7;5.1;5.1;5.1;3.0;5.1;5.1;5.1;5.1;3.3;5.1;0
72;2.7;3.0;1.0;1.0;1.3;2.0;5.1;1.3;1.3;3.3;2.3;5.1;0
73;3.3;1.7;3.3;4.0;1.3;5.1;5.1;5.1;2.3;5.1;5.1;5.1;1
74;4.0;5.1;5.1;5.1;5.1;5.1;5.1;5.1;5.1;5.1;5.1;5.1;1
75;3.3;5.1;3.0;3.7;1.7;5.1;5.1;5.1;5.1;5.1;5.1;5.1;1
76;2.3;5.1;1.0;5.1;1.0;1.0;5.1;1.3;1.0;2.0;5.1;5.1;0
77;3.3;1.0;2.0;3.0;5.1;5.1;1.0;5.1;1.7;5.1;5.1;5.1;1
78;2.7;1.3;5.1;5.1;2.0;5.1;2.3;5.1;5.1;5.1;5.1;5.1;0
79;5.1;5.1;5.1;5.1;5.1;5.1;5.1;5.1;5.1;5.1;5.1;5.1;1
80;5.0;1.3;5.1;5.1;5.1;5.0;5.1;5.1;5.1;5.1;5.1;5.1;1
81;5.1;5.1;5.1;5.1;5.1;5.1;5.1;5.1;5.1;5.1;5.1;5.1;1
82;2.3;5.0;5.1;3.0;2.3;3.3;5.1;5.1;5.1;5.1;5.1;5.1;1
83;4.0;2.7;1.7;2.7;2.0;1.7;2.3;1.7;2.3;4.0;5.0;5.1;0
84;5.1;5.1;5.1;5.1;5.1;5.1;5.1;5.1;5.1;5.1;5.1;5.1;1
85;5.1;5.1;5.1;5.1;5.1;5.1;5.1;5.1;5.1;5.1;5.1;5.1;1
86;4.0;5.0;5.1;5.1;1.3;4.0;5.1;1.3;3.7;5.1;5.1;5.1;1
87;5.1;5.1;5.1;5.1;5.0;5.1;5.1;5.1;5.1;5.1;5.1;5.1;1
88;5.1;5.1;5.1;5.1;5.1;5.1;5.1;5.1;5.1;5.1;5.1;5.1;1
89;5.1;5.1;5.1;5.1;5.1;5.1;5.1;5.1;5.1;5.1;5.1;5.1;1
90;5.1;5.1;5.1;5.1;5.1;5.1;5.1;5.1;5.1;5.1;5.1;5.1;1
91;5.1;5.1;5.1;5.1;5.1;5.1;3.0;5.1;2.7;5.1;5.0;5.1;0
92;5.1;5.1;5.1;2.3;5.1;1.0;5.1;5.1;5.1;5.1;5.1;5.1;1
93;2.0;5.1;5.1;2.3;5.1;5.1;5.1;5.1;5.1;5.1;5.1;5.1;1
94;1.3;1.0;5.1;1.0;5.1;5.1;1.3;1.7;1.3;1.3;2.0;5.1;0
95;5.1;5.1;5.1;5.1;5.1;5.1;5.1;5.1;5.1;5.1;5.1;5.1;1
96;5.1;5.1;5.1;5.1;5.1;5.1;5.1;5.1;5.1;5.1;5.1;5.1;1
97;4.0;5.0;3.7;5.0;2.0;5.0;5.1;5.1;5.1;5.1;4.0;5.1;1
98;5.1;5.1;1.3;5.1;5.1;5.1;5.1;5.1;5.1;5.1;5.1;5.1;1
99;1.0;5.1;5.1;1.0;1.7;1.0;5.1;1.7;5.1;1.0;1.0;5.1;0
100;5.1;5.1;5.1;5.1;5.1;5.1;5.1;5.1;5.1;5.1;5.1;5.1;1
101;5.1;5.1;5.1;5.1;5.1;5.1;5.1;5.1;5.1;5.1;5.1;5.1;1
102;3.3;5.0;2.7;5.1;5.1;5.1;5.1;5.1;5.1;5.1;5.1;5.1;1
103;2.3;3.3;1.0;3.0;2.0;4.0;5.1;5.1;5.1;5.1;5.1;5.1;1
104;1.7;2.3;1.7;2.0;1.3;2.3;5.1;5.1;5.0;5.0;5.1;5.1;0
105;4.0;3.0;1.7;4.0;2.3;4.0;1.3;5.1;2.0;3.0;5.1;5.1;1
106;2.3;1.3;5.1;2.7;2.3;5.1;1.0;1.3;5.1;5.1;3.3;5.1;0
107;3.0;1.0;1.0;3.0;1.7;2.0;5.1;5.1;5.1;5.1;5.1;5.1;1
108;3.0;1.3;1.3;2.3;5.1;3.0;2.3;5.1;1.7;1.7;1.3;5.1;0
109;1.3;1.7;5.1;1.0;5.1;1.3;1.7;5.1;5.1;5.1;1.0;5.1;1
110;1.3;1.0;5.1;1.0;5.1;5.1;2.7;5.1;2.0;1.3;2.0;5.1;0
111;4.0;2.3;2.7;1.3;1.7;3.7;5.1;5.1;5.1;5.0;5.1;5.1;1
112;5.1;5.1;5.1;5.1;5.1;5.1;5.1;5.1;5.1;5.1;5.1;5.1;1
113;4.0;3.0;1.7;5.0;1.3;5.1;5.1;1.3;5.1;5.1;5.1;5.1;1
114;5.1;3.0;5.1;5.1;1.3;5.1;5.1;5.1;5.1;5.1;5.1;5.1;1
115;5.1;5.1;5.1;5.1;5.1;5.1;5.1;5.1;5.1;5.1;5.1;5.1;1
116;5.1;5.1;5.1;5.1;5.1;5.1;5.1;5.1;5.1;5.1;5.1;5.1;1
117;5.1;5.1;5.1;5.1;5.1;5.1;5.1;5.1;5.1;5.1;5.1;5.1;1
118;2.3;1.0;1.0;1.0;1.0;1.3;1.0;1.3;5.1;1.3;1.0;5.1;0
119;5.1;5.1;5.1;5.1;5.1;5.1;5.1;5.1;5.1;5.1;5.1;5.1;1
120;5.1;5.1;5.1;5.1;5.1;5.1;5.1;5.1;5.1;5.1;5.1;5.1;1
121;5.1;5.1;5.1;5.1;5.1;5.1;5.1;5.1;5.1;5.1;5.1;5.1;1
122;5.1;5.0;2.3;5.0;5.1;5.0;5.1;2.3;3.0;5.0;5.1;5.1;1
123;5.1;5.1;5.1;5.1;5.1;5.1;5.1;5.1;5.1;5.1;5.1;5.1;1
124;3.3;3.7;3.7;4.0;2.0;5.0;5.1;5.1;3.3;4.0;5.1;5.1;1
125;5.1;5.1;5.1;5.1;5.1;5.1;5.1;5.1;5.1;5.1;5.1;5.1;1
126;5.1;5.1;5.1;5.1;5.1;5.1;5.1;5.1;5.1;5.1;5.1;5.1;1
127;5.1;5.1;5.1;5.1;5.1;5.1;5.1;5.1;5.1;5.1;5.1;5.1;1
128;5.1;5.1;5.1;5.1;5.1;5.1;5.1;5.1;5.1;5.1;5.1;5.1;1
129;5.1;1.7;2.3;5.1;5.1;5.0;5.1;5.1;5.1;5.1;5.1;5.1;1
130;5.1;5.1;2.7;4.0;1.3;3.3;5.1;2.0;3.0;5.1;3.7;5.1;1
131;2.3;1.3;5.1;5.1;5.1;5.1;5.1;5.1;5.1;5.1;5.1;5.1;1
132;5.1;1.0;5.1;5.1;1.3;5.1;5.1;5.1;5.1;5.1;5.1;5.1;1
133;2.7;5.1;5.1;2.3;5.1;2.7;5.1;5.1;5.1;5.1;5.1;5.1;1
134;5.1;5.1;5.1;5.1;5.1;5.1;5.1;5.1;5.1;5.1;5.1;5.1;1
135;2.3;2.7;2.3;1.7;2.0;4.0;3.3;1.7;1.7;5.0;5.0;5.1;0
136;3.3;5.1;5.1;5.1;5.1;3.0;5.1;5.1;5.1;5.1;5.1;5.1;1
137;3.7;1.0;1.0;5.0;1.3;3.0;3.0;1.3;1.7;5.1;5.1;5.1;0
138;5.1;5.1;5.1;5.1;5.1;5.1;5.1;5.1;5.1;5.1;5.1;5.1;1
139;5.1;5.1;5.1;5.1;5.1;5.1;5.1;5.1;5.1;5.1;5.1;5.1;1
140;1.3;1.3;1.0;3.0;1.7;2.0;5.1;5.1;1.0;5.1;5.1;5.1;0
141;5.1;2.0;2.0;5.1;5.1;5.1;5.1;5.1;2.0;5.1;5.1;5.1;1
142;5.1;4.0;1.7;5.1;1.7;4.0;5.1;5.1;3.7;5.1;5.1;5.1;1
143;5.1;5.1;2.7;5.1;2.0;5.1;5.1;5.1;3.3;5.1;5.1;5.1;1
144;5.1;1.0;1.7;1.0;1.3;5.1;5.1;5.1;2.3;5.1;5.1;5.1;0
145;5.1;5.1;5.1;5.1;2.0;5.1;5.1;5.1;1.7;5.1;5.1;5.1;0
146;3.7;1.7;3.3;3.3;1.7;5.0;5.1;5.1;5.0;5.0;5.1;5.1;0
147;5.1;1.7;1.7;3.7;5.1;5.1;5.1;5.1;5.1;5.1;5.1;5.1;1
148;1.7;1.0;5.1;2.3;1.7;5.1;5.1;5.1;1.3;5.1;5.1;5.1;1
149;4.0;1.0;2.0;5.1;5.1;2.0;5.1;5.1;5.1;5.1;5.1;5.1;1
150;5.1;5.1;5.1;5.1;5.1;5.1;5.1;5.1;5.1;5.1;5.1;5.1;1
151;3.3;2.3;1.7;3.0;1.3;2.7;5.1;1.0;5.0;5.1;5.1;5.1;1
152;5.1;4.0;5.1;5.1;1.3;4.0;5.1;1.3;2.7;5.1;5.1;5.1;1
153;5.1;5.1;5.1;5.1;5.1;5.1;5.1;5.1;5.1;5.1;5.1;5.1;1
154;5.1;5.1;5.1;5.1;5.1;5.1;5.1;5.1;5.1;5.1;5.1;5.1;1
155;3.0;3.0;2.7;3.7;1.7;4.0;5.1;2.0;5.1;5.0;4.0;5.1;0
156;5.0;5.1;1.7;5.1;5.0;3.3;5.1;5.1;5.1;5.1;5.1;5.1;1
157;5.1;5.1;5.1;5.1;5.1;5.1;5.1;5.1;5.1;5.1;5.1;5.1;1
158;2.0;1.0;2.7;1.7;1.3;5.1;1.0;1.3;5.1;1.3;1.0;2.0;0
159;3.7;5.1;1.7;3.0;2.0;5.0;5.1;1.3;3.3;5.1;5.1;5.1;1
160;5.1;5.1;5.1;5.1;5.1;5.1;5.1;5.1;5.1;5.1;5.1;5.1;1
161;5.1;5.1;5.1;5.1;5.1;5.1;5.1;5.1;5.1;5.1;5.1;5.1;1
162;1.3;1.7;2.0;3.0;1.0;3.0;1.0;1.7;5.1;3.3;3.3;5.1;0
163;3.0;1.7;2.3;1.3;1.3;1.7;4.0;5.1;2.7;2.3;1.3;5.1;1
164;5.1;5.1;2.3;5.1;5.1;5.1;5.1;5.1;5.1;5.1;5.1;5.1;1
165;5.1;5.1;5.1;5.1;5.1;5.1;5.1;5.1;5.1;5.1;5.1;5.1;1
166;3.3;5.1;3.3;5.0;5.1;5.0;5.1;5.1;5.1;5.1;5.1;5.1;1
167;5.1;5.1;5.1;5.1;5.1;5.1;5.1;5.1;5.1;5.1;5.1;5.1;1
168;5.1;5.1;5.1;5.1;5.1;5.1;5.1;5.1;5.1;5.1;5.1;5.1;1
169;3.0;1.0;2.3;1.3;1.3;2.3;1.3;1.7;5.1;1.7;1.7;5.1;0
170;5.1;5.1;5.1;5.1;5.1;5.1;5.1;5.1;5.1;5.1;5.1;5.1;1
171;5.1;3.3;3.0;5.1;5.1;4.0;5.1;5.1;2.3;5.1;5.1;5.1;1
172;2.0;2.0;2.7;1.7;2.3;2.7;5.1;2.0;1.7;5.1;2.7;5.1;0
173;5.0;5.1;5.1;5.1;5.1;5.1;5.1;5.1;5.1;5.1;5.1;5.1;1
174;1.7;1.0;1.7;2.7;1.3;2.0;3.3;5.1;2.7;5.1;5.1;5.1;1
175;2.3;2.7;2.3;4.0;1.3;3.3;5.1;5.1;5.1;5.1;5.1;5.1;1
176;4.0;5.1;5.1;5.1;2.0;5.1;5.1;1.3;5.1;5.1;5.1;5.1;1
177;1.0;1.0;1.3;1.7;1.7;1.0;1.3;1.3;5.1;1.3;2.0;5.1;0
178;5.0;5.1;5.1;5.1;5.1;5.1;5.1;5.1;5.1;5.1;5.1;5.1;1
179;5.1;5.1;5.1;5.1;5.1;5.1;5.1;5.1;5.1;5.1;5.1;5.1;1
180;2.3;3.0;1.7;3.7;1.7;3.3;5.1;1.7;2.3;5.0;2.3;5.1;0
181;5.1;3.3;2.7;5.0;2.0;5.1;5.1;1.3;5.1;5.1;3.7;5.1;1
182;5.1;5.1;5.1;5.1;1.3;5.1;5.1;5.1;5.1;5.1;5.1;5.1;1
183;5.1;5.1;5.1;5.1;5.1;5.1;5.1;5.1;5.1;5.1;5.1;5.1;1
184;5.1;5.1;5.1;5.1;5.1;5.1;5.1;5.1;5.1;5.1;5.1;5.1;1
185;5.1;5.1;2.0;5.1;5.0;5.1;5.1;5.1;5.0;5.1;5.1;5.1;1
186;1.7;5.1;5.1;3.0;2.3;5.1;5.1;5.0;5.1;5.1;5.1;5.1;1
187;5.1;5.1;5.1;5.1;5.1;5.1;5.1;5.1;5.1;5.1;5.1;5.1;1
188;5.1;2.3;5.1;5.1;5.1;5.1;5.1;5.1;2.0;4.0;5.1;5.1;0
189;3.0;2.0;5.1;5.1;5.1;5.1;5.1;5.1;5.1;5.1;5.1;5.1;1
190;5.1;1.3;5.0;5.0;5.0;5.1;5.1;5.1;5.1;5.1;5.1;5.1;1
191;5.1;5.1;5.0;2.3;1.7;5.1;5.1;5.1;5.1;5.1;5.1;5.1;1
192;5.1;5.1;5.1;5.1;5.1;5.1;5.1;5.1;5.1;5.1;5.1;5.1;1
193;5.1;3.3;1.0;5.1;5.1;5.1;5.1;5.1;2.0;5.1;5.1;5.1;1
194;3.0;5.0;1.7;5.1;1.7;5.1;5.1;5.1;2.0;5.1;5.1;5.1;1
195;5.1;4.0;2.3;5.1;5.0;5.1;5.1;5.1;5.1;5.1;5.1;5.1;1
196;3.3;1.0;2.0;3.7;2.0;2.0;5.1;5.1;5.1;5.1;5.1;5.1;1
197;5.1;5.1;5.1;5.1;5.1;5.1;5.1;5.1;5.1;5.1;5.1;5.1;1
198;1.7;2.3;5.1;5.1;2.0;5.1;5.1;5.1;5.1;5.1;5.1;5.1;1
199;5.1;5.1;5.1;5.1;5.1;5.1;5.1;5.1;5.1;5.1;5.1;5.1;1
200;5.1;5.1;5.1;5.1;5.1;5.1;5.1;5.1;5.1;5.1;5.1;5.1;1
201;5.1;5.1;5.1;5.1;5.1;5.1;5.1;5.1;5.1;5.1;5.1;5.1;1
202;5.1;3.7;5.1;4.0;2.0;1.3;5.1;1.3;5.1;5.1;4.0;5.1;1
203;1.0;2.3;1.7;2.3;1.7;2.0;5.0;2.0;2.3;2.3;1.7;5.1;1
204;1.7;5.0;5.1;2.3;5.0;2.7;5.1;5.1;5.1;5.1;3.0;5.1;1
205;5.1;5.1;3.0;5.1;5.1;4.0;5.1;5.1;5.1;5.1;5.1;5.1;1
206;1.7;2.7;1.3;3.3;5.1;5.1;2.7;5.1;2.3;5.1;5.1;5.1;1
207;2.7;3.3;2.0;2.7;2.0;2.7;5.1;5.1;5.1;2.7;3.7;5.1;0
208;5.1;5.1;5.1;5.1;2.0;5.1;5.1;5.1;5.1;5.1;5.1;5.1;1
209;5.1;5.1;5.1;5.1;5.1;5.1;5.1;5.1;5.1;5.1;5.1;5.1;1
210;2.0;3.3;1.7;3.0;2.3;2.0;5.1;5.1;5.1;1.7;3.0;5.1;0
211;5.1;5.1;2.3;5.1;1.7;5.1;5.1;5.1;5.1;5.1;5.1;5.1;1
212;5.1;5.1;5.0;5.1;5.1;5.1;5.1;5.1;5.1;5.1;5.1;5.1;1
213;1.7;3.7;2.7;5.1;1.7;5.1;5.1;5.1;2.7;5.1;5.1;5.1;1
214;5.1;5.1;5.1;5.1;1.3;5.1;5.1;1.7;5.1;5.1;5.1;5.1;1
215;5.1;5.1;5.1;5.1;5.1;5.1;5.1;5.1;5.1;5.1;5.1;5.1;1
216;5.1;5.1;5.1;5.1;5.1;5.1;5.1;5.1;5.1;5.1;5.1;5.1;1
217;5.1;5.1;5.1;5.1;5.1;5.1;5.1;5.1;5.1;5.1;5.1;5.1;1
218;5.1;5.1;5.1;5.1;5.1;5.1;5.1;5.1;5.1;5.1;5.1;5.1;1
219;5.1;5.1;5.1;5.1;5.1;5.1;5.1;5.1;5.1;5.1;5.1;5.1;1
220;5.1;5.1;5.1;5.1;5.1;5.1;5.1;5.1;5.1;5.1;5.1;5.1;1
221;5.1;5.1;5.1;5.1;5.1;5.1;5.1;5.1;5.1;5.1;5.1;5.1;1
222;5.1;5.1;1.7;5.1;1.7;5.0;5.1;5.1;5.1;5.1;5.1;5.1;1
223;5.1;5.1;5.0;5.1;5.0;5.1;5.1;5.1;5.1;5.1;5.1;5.1;1
224;5.1;5.1;5.1;5.1;5.1;5.1;5.1;5.1;5.1;5.1;5.1;5.1;1
225;5.1;5.1;5.1;5.1;5.1;5.1;5.1;5.1;5.1;5.1;5.1;5.1;1
226;5.1;5.1;5.1;5.1;5.1;5.1;5.1;5.1;5.1;5.1;5.1;5.1;1
227;5.1;5.1;5.1;5.1;5.1;5.1;5.1;5.1;5.1;5.1;5.1;5.1;1
228;5.1;5.1;5.1;5.1;5.1;5.1;5.1;5.1;5.1;5.1;5.1;5.1;1
229;5.1;5.1;5.0;5.1;5.1;5.1;5.1;5.1;5.1;5.1;5.1;5.1;1
230;5.1;5.0;5.0;5.1;5.1;5.0;5.1;5.1;5.1;5.1;5.1;5.1;1
231;5.1;5.1;5.0;5.1;5.0;5.1;5.1;5.1;5.0;5.1;5.1;5.1;1
232;3.7;5.0;1.7;3.7;2.3;5.1;5.1;5.1;5.1;5.1;5.1;5.1;1
233;5.1;5.1;5.1;5.1;5.1;5.1;5.1;5.1;5.1;5.1;5.1;5.1;1
234;4.0;3.3;5.1;5.1;3.3;5.1;5.1;5.1;5.1;5.1;5.1;5.1;1
235;4.0;5.0;3.7;5.1;1.3;5.1;5.1;5.1;5.1;5.1;5.1;5.1;1
236;3.0;5.0;2.0;5.1;1.7;5.1;5.1;5.1;5.1;5.1;5.1;5.1;1
237;5.1;5.1;5.1;5.1;5.1;5.1;5.1;5.1;5.1;5.1;5.1;5.1;1
238;5.1;5.1;5.1;5.1;5.1;5.1;5.1;5.1;5.1;5.1;5.1;5.1;1
239;5.1;5.1;5.1;5.1;5.1;5.1;5.1;5.1;5.1;5.1;5.1;5.1;1
240;5.1;5.1;5.1;5.1;5.1;5.1;5.1;5.1;5.1;5.1;5.1;5.1;1
241;4.0;5.0;3.3;5.1;2.7;5.1;5.1;2.7;5.1;5.1;5.1;5.1;1
242;2.7;5.1;2.0;5.1;1.3;5.1;5.1;5.1;5.1;5.1;5.1;5.1;1
243;5.1;5.1;5.1;5.1;5.1;5.1;5.1;5.1;5.1;5.1;5.1;5.1;1
244;5.1;5.1;5.1;5.1;5.1;5.1;5.1;5.1;5.1;5.1;5.1;5.1;1
245;5.0;5.0;2.7;5.1;5.1;5.1;5.1;5.1;5.1;5.1;5.1;5.1;1
246;5.1;5.1;5.1;4.0;2.3;5.0;5.1;5.1;5.1;5.1;5.1;5.1;1
247;5.1;5.1;5.1;5.1;5.1;5.1;5.1;5.1;5.1;5.1;5.1;5.1;1
248;2.7;5.0;1.3;5.1;1.3;1.0;5.1;1.7;5.1;5.1;5.1;5.1;0
249;5.1;5.1;5.1;5.1;5.1;5.1;5.1;5.1;5.1;5.1;5.1;5.1;1
250;2.3;5.0;1.7;5.1;2.0;5.1;5.1;5.1;5.1;5.1;5.1;5.1;1
251;1.7;1.3;1.0;1.0;2.0;1.3;5.1;5.1;5.1;5.1;5.1;5.1;1
252;5.1;5.1;5.1;5.1;5.1;5.1;5.1;5.1;5.1;5.1;5.1;5.1;1
253;3.0;2.0;5.1;5.1;5.1;3.0;5.1;5.1;5.1;5.1;5.1;5.1;1
254;3.3;5.0;1.3;1.0;2.0;4.0;5.1;1.7;1.7;1.0;5.1;5.1;1
255;5.1;5.1;5.1;5.1;5.1;5.1;5.1;5.1;5.1;5.1;5.1;5.1;1
256;5.0;5.0;5.1;5.0;2.0;5.1;5.1;5.0;2.0;5.0;5.1;5.1;1
257;5.1;5.1;5.1;5.1;5.1;2.0;5.1;5.1;5.1;5.1;5.1;5.1;1
258;1.7;2.0;1.7;2.3;1.3;1.3;5.1;1.0;1.0;1.0;5.1;5.1;0
259;1.7;1.3;1.0;1.0;2.3;1.3;5.1;2.0;1.3;1.0;5.0;5.1;1
260;5.1;5.1;5.1;5.1;5.1;5.1;5.1;5.1;5.1;5.1;5.1;5.1;1
261;5.1;5.1;5.1;5.1;5.1;5.1;5.1;5.1;5.1;5.1;5.1;5.1;1
262;5.1;5.1;5.1;5.1;5.1;5.1;5.1;5.1;5.1;5.1;5.1;5.1;1
263;5.1;5.1;5.1;5.1;5.1;5.1;5.1;5.1;5.1;5.1;5.1;5.1;1
264;5.1;5.1;2.3;3.3;1.3;5.1;5.1;1.3;1.0;5.1;5.1;5.1;1
265;4.0;1.7;2.0;1.3;1.7;3.7;5.1;1.0;1.0;1.0;5.1;5.1;0
266;5.1;5.1;5.1;5.1;5.1;5.1;5.1;5.1;5.1;5.1;5.1;5.1;1
267;2.0;5.1;2.0;5.1;5.1;5.1;5.1;5.1;5.1;5.1;5.1;5.1;1
268;2.7;5.0;5.1;3.3;1.3;5.1;5.1;2.0;2.7;5.0;5.1;5.1;1
269;5.1;5.1;5.1;5.1;5.1;5.1;5.1;5.1;5.1;5.1;5.1;5.1;1
270;5.1;5.1;5.1;5.1;5.1;5.1;5.1;5.1;5.1;5.1;5.1;5.1;1
271;3.7;3.0;3.7;2.7;5.0;5.0;5.1;5.1;5.1;5.0;5.1;5.1;1
272;5.1;5.1;5.1;5.1;5.1;5.1;5.1;5.1;5.1;5.1;5.1;5.1;1
273;5.1;5.1;1.7;5.1;2.0;5.1;5.1;1.3;5.1;5.1;5.1;5.1;0
274;5.1;5.1;5.1;5.1;5.1;5.1;5.1;5.1;5.1;5.1;5.1;5.1;1
275;5.1;5.1;5.1;5.1;5.0;5.1;5.1;5.1;5.1;5.1;5.1;5.1;1
276;5.1;5.1;5.1;5.1;5.1;5.1;5.1;5.1;5.1;5.1;5.1;5.1;1
277;5.1;5.1;5.1;5.1;5.1;5.1;5.1;5.1;5.1;5.1;5.1;5.1;1
278;5.1;5.1;5.1;5.1;1.7;5.1;5.1;1.7;5.1;5.1;5.1;5.1;1
279;5.1;5.1;5.1;5.1;5.1;5.1;5.1;5.1;5.1;5.1;5.1;5.1;1
280;2.3;2.0;5.1;5.1;5.1;3.0;1.3;5.1;5.1;5.1;5.1;5.1;1
281;4.0;5.0;5.1;5.1;1.3;5.1;5.1;5.1;5.1;5.1;5.1;5.1;1
282;2.7;1.3;1.7;2.3;1.7;5.1;5.1;1.7;3.3;3.7;5.1;5.1;1
283;5.1;5.1;1.3;1.0;1.0;5.1;5.1;1.0;5.1;5.1;5.1;5.1;1
284;5.1;5.1;5.1;5.1;5.1;5.1;5.1;5.1;5.1;5.1;5.1;5.1;1
285;5.1;5.1;5.1;5.1;5.1;5.1;5.1;5.1;5.1;5.1;5.1;5.1;1
286;5.1;5.1;5.1;5.1;1.3;5.1;5.1;5.1;5.1;5.1;5.1;5.1;1
287;2.0;1.0;1.3;1.0;1.3;5.1;5.1;5.1;5.1;1.0;5.1;5.1;1
288;5.1;5.1;5.1;5.1;1.3;5.1;5.1;5.1;5.1;5.1;5.1;5.1;1
289;5.1;5.1;3.0;5.1;3.0;5.1;5.1;5.0;1.7;5.1;5.1;3.7;1
290;5.1;5.1;5.1;5.1;5.1;5.1;5.1;5.1;5.1;5.1;5.1;5.1;1
291;2.0;2.7;1.7;1.0;1.7;1.0;5.1;5.1;5.1;5.1;5.1;5.1;1
292;2.3;1.3;5.1;5.1;5.1;5.1;5.1;5.1;5.1;5.1;5.1;5.1;1
293;5.1;5.1;5.1;5.1;5.1;5.1;5.1;5.1;5.1;5.1;5.1;5.1;1
294;5.1;5.1;5.1;5.1;5.1;5.1;5.1;5.1;5.1;5.1;5.1;5.1;1
295;5.1;5.1;5.1;5.1;5.1;5.1;5.1;5.1;5.1;5.1;5.1;5.1;1
296;5.1;5.1;1.7;5.1;2.0;5.1;5.1;2.0;5.1;5.1;5.1;5.1;1
297;5.1;5.1;5.1;5.1;5.1;5.1;5.1;5.1;5.1;5.1;5.1;5.1;1
298;5.1;5.1;5.1;5.1;5.1;5.1;5.1;5.1;5.1;5.1;5.1;5.1;1
299;5.1;5.1;3.0;5.1;1.3;5.1;5.1;1.3;5.1;5.1;5.1;5.1;1
300;5.1;5.1;5.1;5.1;5.1;5.1;5.1;5.1;5.1;5.1;5.1;5.1;1
301;5.1;5.1;5.1;5.1;5.1;5.1;5.1;5.1;5.1;5.1;5.1;5.1;1
302;5.1;5.1;5.1;5.1;5.1;5.1;5.1;5.1;5.1;5.1;5.1;5.1;1
303;5.1;5.1;5.1;5.1;5.1;5.1;5.1;5.1;5.1;5.1;5.1;5.1;1
304;5.1;5.1;5.1;5.1;5.1;5.1;5.1;5.1;5.1;5.1;5.1;5.1;1
305;5.1;5.1;2.7;2.3;5.1;2.3;5.1;5.1;5.1;5.1;5.1;5.1;1
306;5.1;5.1;5.1;5.1;5.1;5.1;5.1;5.1;5.1;5.1;5.1;5.1;1
307;5.1;1.3;3.7;5.1;1.3;5.1;5.1;5.1;5.1;5.1;5.1;5.1;1
308;5.1;5.1;5.1;5.1;5.1;5.1;5.1;5.1;5.1;5.1;5.1;5.1;1
309;5.1;5.1;5.1;5.1;5.1;5.1;5.1;5.1;5.1;5.1;5.1;5.1;1
